Question Number,Question Text,Selected Answer,Correct Answer,Correct/Incorrect,Feedback
1,"Tom is a Servant leader of a complex software development project that is running using Agile development approach. Two developers are having difference in opinion about the technical approach of a user story. What needs to be done in this situation?","Tom should assess the level of conflict and intervene appropriately","Entire team should gather to discus the issue and produce a collective solution",Incorrect,"On an empowered agile team, it's up to the team members to resolve their technical disputes collectively. The scrum master, or the product owner is unlikely to have the knowledge required to make such technical decisions. So, among all options, option C is the best answer. Agile Practice Guide - Project Management Institute Inc., 2017, Page(s) – 41-43, 61."
2,"The project team is using Iteration burn-down chart to predict the remaining work in the current iteration backlog. Iteration Burn-down chart is an example of which of the following tools and techniques?","Data Representation","Data Analysis",Incorrect,"The burn-down chart is an example for data analysis tool that shows the total effort against the amount of work for each iteration. PMBOK Guide – Sixth Edition, Project Management Institute Inc., 2017, Page(s) – 226 & 687."
3,"A newly formed development team is started writing user stories after an understanding of the features and functions. The few examples of user stories are as follows: Users can make reservations so that they can travel Show room sizes so that they can see if it fits their need . Which one of the following problem would you like to fix in these user stories?","The user stories are not explored from the user value point of view","The user stories are not clarifying the specific users",Incorrect,"The user value is mentioned in these user stories. In first user story user wants to travel and in second user story users are visualizing value through their specific room size requirements. The estimates depend on size of user stories and question is not indicating that team has estimated these user stories as big in size. The user story is just a token of conversation and collaboration and writing acceptance criteria makes user stories testable. Above description eliminates following options: The user stories are not explored from the user value point of view The user stories are not small enough to estimate The user stories are not testable In these examples we can see development team is not mentioning the specific user roles – it is an important component of a user stories. Without specific intended user the identified value is vague and we are not aware who will benefit from it. If you are not aware about real user stories, then it is not right time to write user stories, first identify user roles like Student, Job seeker Employer for a Job Portal."
4,"A Release burndown chart is showing burn up, what could be the possible reason?","The team is not delivering stories as per estimated velocity","When new stories are added to release backlog.",Incorrect,"When additional work is added to a release , the team working with its normal velocity end up with more story points left at the end of iteration than they began working with."
5,"A permanent highly skilled staff hired for the project to avoid potential budget overruns. However, there is a risk of staff turnover during  the  course of the project, which may have an impact on the delivery. Which two actions should the project manager take to mitigate this risk? Choose two","Introduce a recognition program to motivate and reward and reward resource performance. Increase the trained staff to create back up for resources.","Introduce a recognition program to motivate and reward and reward resource performance. Increase the trained staff to create back up for resources.",Correct,"Two actions are: Increase the trained staff to create back up for resources and introduce a recognition program to motivate and reward resource performance."
6,"Which of the following is not an example of the four values of the Agile Manifesto?","Working software is the primary measure of progress","Working software is the primary measure of progress",Correct,"The options - A, C, D falls under four values of the Agile manifesto. Option B is an example for one of the twelve Agile principles behind the Agile manifesto. So, among all options, option B is the right answer. Agile Practice Guide - Project Management Institute Inc., 2017, Page(s) – 8,9."
7,"Tom is the newly appointed Project Manager of a software development project which has high degree of uncertainties and scope is not yet fully defined. Considering all the factors, he decides to adopt Agile development approach for running the project. Now, he has to come up with an initial cost estimate before the project work begins. What can be the best approach for the preparation of initial cost estimate as per the stated scenario?","Using Analogous estimation technique to produce a high-level cost estimate","Using light weight estimation methods to generate a high-level cost forecast.",Incorrect,"Projects with a high degree of uncertainty or if the scope is not fully defined may not benefit from detailed cost calculations because there are frequent changes. In an agile environment, lightweight estimates can be used to generate a high-level cost of project labor costs, which can be adjusted when changes are made. (PMBOK Guide) – Sixth Edition, Project Management Institute Inc., 2017, Page(s) – 234."
8,"Match the term with its corresponding description.","A-1, B-4, C-2, D-3.","A-1, B-4, C-2, D-3.",Correct,"A-1, B-4, C-2, D-3."
9,"Todd is a project manager of a very large software product development project that needs to be executed from five different cities. Senior management has decided to run the project using an agile approach by following the philosophies of the scrum as much as possible. What framework is most suited as per the given situation?","LeSS","LeSS",Correct,"The situation in the question states about a very large project that needs to be executed using an agile approach by following the philosophies of the scrum. LeSS (Large Scale Scrum) is a framework that extends Scrum with scaling guidelines while preserving the original purposes of Scrum. It's most applicable for many teams (cross-functional) working together on one product. Agile Practice Guide, Project Management Institute Inc., 2017, Page(s) 20-23"
10,"A team member shares with their functional manager some negative details about the performance of another team member that was discussed during the retrospective. The project manager finds out about this discussion. What two actions should the project manager take? Choose two.","Meet with the entire team to review the ground rules about safe environments. Contact with the team member to explain what information can be shared outside the team.","Meet with the entire team to review the ground rules about safe environments. Contact with the team member to explain what information can be shared outside the team.",Correct,"1- Contact the team member to explain what information can be shared outside the team. 2- Meet with the entire team to review the ground rules about safe environments."
11,"At a walkthrough, a stakeholder, end user, and the development team identify significant new functionality required for the proposed solution to be effective. What is the next step?","The new functionality should be added to the product backlog.","The new functionality should be added to the product backlog.",Correct,"In agile, the development team commits to a group of user stories at the beginning of an iteration. Likewise, the product owner agrees not to disrupt the team during this timebox. For this reason, the best answer is that the new functionality should be added to the product backlog, to be estimated and prioritized later. Agile Practice Guide, Project Management Institute Inc., 2017, Page(s) 52-53"
12,"Stakeholders want to understand what progress an agile team has made in their last iteration. What should stakeholders review to determine this information?","The team's velocity chart","The team's velocity chart",Correct,"The results of a spike would show team findings on a specific issue. A product backlog is a list of items to be developed for the project. In agile, 'fishbone analysis' is a genuine technique and one can 'slice' up user stories. However, combined 'fishbone slices' is a made-up term. Velocity charts show how much work the team has completed in each iteration. For each iteration, a velocity chart shows the amount of work completed . Agile Practice Guide, Project Management Institute Inc., 2017, Page(s) 64"
13,"As an Agile Coach, what is the BEST way for you to handle a complex situation during a delivery?","Allow the team to self-manage & adapt its process empirically","Allow the team to self-manage & adapt its process empirically",Correct,"The Agile project manager should allow the team to self-manage & adjust its process as the team deems appropriate."
14,"Which of the following represents the purpose of Sprint review Meeting BEST?","Team to present to the Product Owner and stakeholders functionality that is done","Team to present to the Product Owner and stakeholders functionality that is done",Correct,"The purpose of the Sprint review is for the Team to present to the Product Owner and stakeholders functionality that is done."
15,"Members of the team post updates to a graph that shows the progression of features to being 'Done.' Examples of the stages of progress include Backlog, Design, Development, Testing and Done. What is the name of this graph?","Product roadmap Graph","Cumulative flow diagram",Incorrect,"A cumulative flow diagram depicts the progression of a set of features from start to finish. It's a Kanban way of monitoring work; Burndown chart does not reflect the stages of work."
16,"How does release plan help?","Helps in Developing a WBS.","Helps in understanding of the project's viability.",Incorrect,"Release plans helps in developing a better understanding of the project's viability."
17,"Which approach is BEST for estimating Agile Projects while doing the release planning?","Bottom-up approach.","Top down approach.",Incorrect,"A top down approach is used when estimating Agile Projects at the release level, as it is impossible to predict the work with any degree of certainty at the task level."
18,"During an iteration planning meeting, the team is estimating the size of the effort for each story by assigning each story to a shirt size of XS, S, M, L, XL or XXL. Which estimation method is being used?","WBS estimating","Affinity estimating",Incorrect,"The estimating scenario described here is affinity estimating. As we are grouping the stories in affinity for estimation purpose."
19,"The ongoing sprint for a software development project that is being executed by following Agile - Scrum development approach needs to be cancelled as the sprint goal has become obsolete due to a sudden change in law associated to IT security.Who will own the Product backlog?","Product Owner.","Product Owner.",Correct,"The product owner is responsible for maximizing the value of the product, and only he has authority to cancel the sprint, although he or she may do under the influence from key stakeholders, sponsor, project manager or any other stakeholders A sprint gets cancelled when sprint goal becomes obsolete due to sudden change associated to organizational policies, external environmental factors or due to any adverse situations impacting the project. Agile Practice Guide, Project Management Institute Inc., 2017, Page(s) 101"
20,"The Scrum Master explains the three primary roles in Scrum to the newly hired team member. Which role is sometimes called 'the voice of the customer'?","Product owner","Product owner",Correct,"The product owner is defined as the ""individual who serves as the voice of the customer, and who has the authority to make decision about the product. ""The product owner is responsible for bridging the gaps between the customer, business stakeholders, and the development team. Agile Practice Guide, Project Management Institute Inc., 2017, Page(s) 41"
21,"An agile practitioner is explaining the Agile Manifesto to some end users in advance of a new project. Which of the following would the agile practitioner say is preferred in an agile project?","Collaborating with customers","Collaborating with customers",Correct,"The Agile Manifesto lays out four values. Collaborating with the customer is preferable to contract negotiation. Likewise, individuals and interactions are valued more than processes and tools. Responding to change is more valued than following a plan, and working software is preferred over documentation. Agile Practice Guide, Project Management Institute Inc., 2017, Page(s) 8"
22,"In a typical business complex and mid-sized agile project, what does the team attempt to develop every Sprint?","A Potentially Releasable Product Increment","A Potentially Releasable Product Increment",Correct,"The output of every Sprint is called a Potentially Releasable Product Increment. It is the sum of the Product Backlog Items completed during a Sprint. Delivering Potentially Releasable Product each Sprint is fundamental to the Scrum since in agile as work is divided into simple pieces, it can be finished in a short iteration. The product backlog is a living document that has anything and everything about project work. It is the ordered list of all the work presented in story form for a team Agile Practice Guide, Project Management Institute Inc., 2017, Page(s) 101"
23,"The product owner of an agile project has the responsibility of grooming the product backlog. Grooming involves prioritizing and re-prioritizing user stories on a regular basis. As an agile best practice, which of the following criteria are most important for the owner to use when grooming the product backlog?","Customer value and personas","Customer value and risk",Incorrect,"The two most important criteria to consider when the product owner is grooming the product backlog is the value of the user story and the risk involved in the work required to complete the user story. High-value user stories are always considered high priority. High-risk user stories are typically prioritized so that the risk of project failure can be dealt with or determined early in the project before significant costs and resources have been devoted. Agile Practice Guide, Project Management Institute Inc., 2017, Page(s) 52-53"
24,"A scrum team that has been working on an agile project, is arguing over the story points in the sprint meeting planning. The product owner is pushing the team to complete 170 story points of user stories in the next sprint whereas the average velocity of the development team is 150 story points per sprint. Who will make the final decision to fix the number of story points to be completed in a sprint?","The development teams","The development teams",Correct,"In the scrum, before making any commitment about the completion of user stories, development team discusses and then decides how many story points they can complete in the current sprint. It is the development team that is going to work on the product and know their capability and pace, therefore, the development team should make the final decision to fix the number of story points to be completed in a sprint."
25,"Which of the following is not a feature of an Agile team?","Team members are 100% dedicated","Each team member has a specialty",Incorrect,"An agile team is a cross-functional team. They are preferred to be a generalist. A cross-functional team is one with a variety of skills, abilities and experience, so that they can develop their scope (stories, features, ""product backlog items"", whatever) by themselves, without help from others."
26,"On the completion of the first three iterations, an agile team determined that 344 story points are required to complete the remaining project. The average team velocity in the first three iterations was 50 story points. What will be the number of iterations required for the team to complete the project?","7 Iterations","7 Iterations",Correct,"The velocity of the team is used to track the progress of the project and measured in terms of how many user stories it completes in one iteration. The average velocity of the team is measured based on its performance in the first few iterations .In this question, the average team velocity in the first three iterations was 50 story points. Now, 344 story points are left to complete the project. The number of iterations required to complete the project is calculated as the number of story points left divided by the average team velocity i.e. 344/50 in this case. It calculates at 6.88. In the case of iterations, we need to consider the whole number next to the result. Therefore, there is a need for 7 more iterations to complete the project."
27,"A team member is constantly spending on items that are not in the sprint backlog. As a Scrum Master what should you do?","Talk to the member in person.","Talk to the member in person.",Correct,"As a first step, Scrum Master should talk to the member in person to understand the situation better. Only if needed, the issue may be further discussed with the team."
28,"Florian is a stakeholder in STC company. He has recently learned that the team will use an agile framework in the current project. In a planning meeting, Florian tells the team members that they are not doing formal documentation in this project as they were doing in the previous projects. How will the team members reply to his statement?","In agile, documentation is done for the clear work item only","In agile Methodology, The documentation is kept barely sufficient to fulfill regulatory requirement",Incorrect,"Agile Manifesto Value number 2 states ""Working software over comprehensive documentation"". In agile, creating the formal documentation with a detailed description of everything is considered a wastage of time. It does not mean that documentation is not necessary at all. It is necessary but it should be kept barely sufficient to fulfill regulatory requirements in an agile environment. Although for some safety-critical products, some additional documentation and conformance checks are recommended."
29,"The velocity of an 8-member Agile team over the past few sprints has been 36, 32, 40, 46, 38 and 48 story points. In the next 2-week Sprint, there are two public holidays planned. How many points must the team plan for?","32 story points","Whatever the team feel comfortable with",Incorrect,"The historical velocity is only a 'guideline' for future sprint planning – it is not a 'must' . The final decision on exactly how many points are picked up for the next Sprint rests with the team."
30,"One role of an agile practitioner is to promote the knowledge and execution of agile practices within an organization. Which of the following agile practitioners is responsible for the creation and maintenance of the product roadmap?","Product owner","Product owner",Correct,"The product owner is the voice of the customer and has the information and access required to define and prioritize development iterations, releases and ultimately a product roadmap. Once created the product owner is responsible for any changes required to the product roadmap and the individual releases that collectively form the roadmap. Agile Practice Guide, Project Management Institute Inc., 2017, Page(s) 41"
31,"A team lead is currently demonstrating a potentially shippable product increment for project stakeholders. Which agile meeting is being conducted?","Iteration review meeting","Iteration review meeting",Correct,"At the end of each iteration, the project team demonstrates a potentially shippable product increment to project stakeholders during the iteration review meeting. These meetings may also be referred to as demonstrations or sprint reviews. Agile Practice Guide, Project Management Institute Inc., 2017, Page(s) 55"
32,"At the sprint retrospective meeting, the team lead drew a fishbone diagram, wrote a problem at the head of the fish, and labeled the bones of the fish with categories. What should the team do next?","Brainstorm factors within each category","Brainstorm factors within each category",Correct,"After the problem is written at the head of the fish, and after the bones of the fish are labeled with categories, the next step is to brainstorm factors within each category. A Guide to the Project Management Body of Knowledge, (PMBOK® Guide) – Sixth Edition., 2017, Page(s), 293-294"
33,"What is the most important reason why Product Owner needs to be present in Sprint Planning meeting?","Decide team velocity based on historical performance","Provide clarification on requirements",Incorrect,"Providing details on requirements is the most important reason PO needs to attend Sprint Planning meeting. Other three tasks need to be performed by the team."
34,"Team has finished release planning meeting and agreed on condition of satisfaction, priority of backlog items, team velocity, etc. There are some large features that were not estimated, however team decided to split them closer to development. Few sprints have passed, but team has not been able to update release plan due to time constraints. During Sprint Planning, team decides to split one large feature into 4 smaller stories based on operational boundaries. Unfortunately, there is not enough capacity in the current iteration, so team can include only 2 of the 4 stories in this sprint. When team demonstrates the product increment during the sprint review meeting, the PO refuses to accept these two user stories that the team had marked as Done. What could have potentially gone wrong?","During Sprint planning meeting, condition of satisfaction or acceptance criteria may not have been discussed while splitting the user story.","During Sprint planning meeting, condition of satisfaction or acceptance criteria may not have been discussed while splitting the user story.",Correct,"Conditions-of-satisfactions are continuously iterated, They are discussed and agreed upon, both at the start of release planning and iteration planning. In the question above the most likely scenario for PO not accepting the stories during Demo is that condition of the satisfaction of each of the user story derived by splitting feature, would have not been discussed. Since not all the user stories that comprised the feature were part of sprint it is even more important that definition of done is discussed for each story and not rely on definition of done for the feature which was agreed during release planning meeting. Team can split features based on operational boundaries, Release plan should be periodically revisited and revised however that is not the reason for problem, The definition of done is orthogonal to user acceptance criteria (functional acceptance) for a feature. It is a comprehensive checklist of necessary, value-added activities that assert the quality of a feature and not the functionality of that feature/story."
35,"How does an agile team go about developing a schedule?","By estimating story points and making use of the team velocity","By estimating story points and making use of the team velocity",Correct,"The team estimates story points and applies the team velocity (the rate at which the team completes story points), and derives a schedule."
36,"What role Product Owner plays in the sprint planning meeting?","Product Owner grooms or maintains the Product Backlog and prioritized stories are used for sprint planning","Product Owner grooms or maintains the Product Backlog and prioritized stories are used for sprint planning",Correct,"B is the best choice of the 4. The Product Owner creates and maintains the backlog for the product, therefore, the Product Owner directs the team activities by prioritize items in the backlog based on the anticipated value of each item."
37,"In evaluating an agile project, which of the following metrics would you use to compare effectiveness of two agile team / projects?","Velocity","Return on investment",Incorrect,"Agile recommends making people accountable for customer outcomes. Velocity is good for release planning but not for comparing two teams. You may think that Return on Investment goes beyond the scope of the team but it is not, the product owner and the team have to work on generating maximum value not high velocity."
38,"An agile team finished coding for the current iteration. Which of the following is a continuous process improvement ceremony that the team will now attend?","Product demonstration meeting","Iteration retrospective meeting",Incorrect,"The iteration retrospective meeting is a formal ceremony used in agile. This event is held at the end of each iteration where lessons learned during the iteration are reviewed, and specific plans of action are implemented during the next iteration to prevent these issues from occurring again on the project. Agile Practice Guide, Project Management Institute Inc., 2017, Page(s) 50-51"
39,"While working on a hybrid project, an agile practitioner is responsible to perform the duties of both the project scrum master and provide project performance reports periodically to the senior management. The project sponsor suggests the agile practitioner that track the velocity of each team member individually instead of tracking the team velocity to monitor the progress of the project. What would the agile practitioner do as per agile best practices?","Track and report only individual velocity to monitor the team performance","Track and report only team velocity to monitor the team performance",Incorrect,"Agile best practices prefer to track and report the velocity of the team rather than the individual's velocity for monitoring the project. But some agile teams track the velocity of each team member individually in terms of completed story points or ideal days. This is not a good approach as it can cause behavioral issues in the team and can work against the success of the project team."
40,"Which two actions should a project manager consider while launching a new virtual team? (choose two)","Verify if team member's own strengths and weaknesses as a virtual team leader to identify avoidable pitfalls","Establish in the beginning, bow progress will be monitored and the means for communicating progress. Verify if team members are on more than one team and cannot devote enough time to this team.",Incorrect,"1- Establish in the beginning, how progress will be monitored and the best means for communicating progress. 2- Verify if team members are on more than one team and cannot devote enough time to this team."
41,"You are an Agile practitioner working on an agile project using the Scrum framework. The primary purpose of a Sprint Review is for the team to?","Demonstrate what was accomplished during the sprint.","Demonstrate what was accomplished during the sprint.",Correct,"A Sprint Review is held at the end of the Sprint to inspect the Increment and adapt the Product Backlog if needed. During the Sprint Review, the Scrum Team and stakeholders collaborate about what was done in the Sprint. Based on that and any changes to the Product Backlog during the Sprint, attendees collaborate on the next things that could be done to optimize value."
42,"An agile team is working on a project for which the user stories have not been tested sufficiently. What could be the reason behind it?","Incomplete definition of done","Incomplete definition of done",Correct,"""Definition of the done"" involves the tasks needed for the completion of the user story as well as testing of the specific functionalities. Code reviews, the different type of testing's and other criteria that the team thinks are needed to deliver a good quality product should be included in the ""definition of done"" of a user story. It provides a checklist of the tasks against which the team checks if a user story is complete or not."
43,"You have been appointed as the Servant Leader for your company's latest software development project running in agile framework. Which of the following defines your role?","Your main role is to ensure the processes and help project team to remove impediments.","Your main role is to ensure the processes and help project team to remove impediments.",Correct,"The Scrum Master ensures the process is successful and not the project."
44,"Based on the velocity determined after completing several iterations, agile team members assume that they will be unable to meet the release deadline. What should the team do?","Slice user stories so that the team can increase velocity","Meet with the product owner to re-prioritize the backlog",Incorrect,"Typically, on agile projects, the cost and the schedule are fixed, while the scope is flexible. Meeting with the product owner to discuss the scope reduction, or in other words, to re-prioritize the backlog, is the best option among the answer choices provided. Ultimately, it is up for the product owner to decide what to do based on input from the team. Agile Practice Guide, Project Management Institute Inc., 2017, Page(s) 52-53 , 91"
45,"During a retrospective, the members of the agile team mention that the agile coach's actions during the last iteration did not align with agile best practices. To which of the following did the team most likely refer?","The agile coach assigned user stories to individual team members","The agile coach assigned user stories to individual team members",Correct,"Agile encourages self-directing and self-organizing teams, where the team members decide who will perform the work. The team members choose their work tasks for the next iteration. Agile teams thrive with servant leadership. In agile, the team members pull their work from an iteration backlog. The coach does not assign work to the development team. Agile Practice Guide, Project Management Institute Inc., 2017, Page(s) 33-39"
46,"Which statement is true about the Sprint Burndown chart?","It helps team assess how much work is remaining to be done, measured in story points","It helps team assess how much work is remaining to be done, measured in ideal hours",Incorrect,"Sprint Burndown chart is based on tasks pending for the current Spring and depicts remaining work estimated in ideal hours. Release Burndown chart on the other hand plots story points remaining to be done at the release level."
47,"Assuming same team capacity, how would doubling the work in progress (WIP) affect Cycle Time?","Doubling the work in progress (WIP) would double the Cycle Time","Doubling the work in progress (WIP) would double the Cycle Time",Correct,"Per Little's Law, given same team capacity (and throughput), Cycle Time is directly proportional to total work in progress."
48,"Team with Product Owner have started sprint planning meeting for Sprint #3. Release duration is 4 months with 5 sprints. PO presents sprint goals and team is seeking clarification for one of the use stories. PO provides required explanation however she also mentions that for her to approve the user story in demo she need to have these three functionalities done and demonstrated in right way. Team has some doubts and discusses further with PO. After the discussion PO agrees to need of only two features to be demonstrated by team for her to approve the story. What team is doing in this scenario?","Team is discussing and helping to define condition of satisfaction for sprint with product Owner","Team is discussing and helping to define condition of satisfaction for sprint with product Owner",Correct,"User story is a short description of feature required and by who, User story is further discussed by team with PO to understand details of what functionalities are expected to be able to complete user story , there are called as condition of satisfaction."
49,"An agile team is in the process of adopting XP practices and is keen to have a co-located customer. But the customer team being in a different continent, customer co-location is not really an option. What is the next reasonable option for the long term?","Use collaboration tools with the customer to reduce miscommunication and rework.","Use collaboration tools with the customer to reduce miscommunication and rework.",Correct,"Though recommended for XP teams, customer co-location is not a must-have requirement. If not possible due to logistic reasons, the next best long-term option is to use collaboration tools to facilitate transparency, and reduce miscommunication and rework."
50,"An agile project to develop software for a new inventory control system is in the initiation stage. Which of the following would most likely be included in the project charter?","The Project vision or purpose","The Project vision or purpose",Correct,"Every project needs a project charter, so the project team knows why this project matters, where the team is headed and what the project objective is. At a minimum, for an agile project, the team needs the project vision or purpose and a clear set of working agreements. Agile Practice Guide, Project Management Institute Inc., 2017, Page(s) 49-50"
51,"You are a scrum master, handing a team working on an agile project. The product owner could not take part in the recent sprint planning meeting due to his other responsibilities. A team member escalates in the daily standup meeting that he needs clarification for a user story, but not able to contact the product owner to get feedback. What will you do in this situation as a scrum manager?","Contact the product owner on behalf of the team member","Contact the product owner on behalf of the team member",Correct,"Agile Manifesto Principle emphasizes that the developers and business stakeholders should work together daily throughout the life of the project. In agile practices, it is the product owner who takes the decisions regarding the product."
52,"The newly-organized agile project team is creating the schedule management plan, they documented time-boxed periods for releases, waves, and iterations for the project. What is the project team trying to achieve by documenting time-boxed periods for each iteration?","Minimize scope creep","Minimize scope creep",Correct,"For this situation, the agile project team is *documenting time-boxing to help in minimizing scope creep* as it forces the teams to process essential features first, then other features when time permits. Options B, C, and D are not relevant for the given scenario. PMBOK Guide – Sixth Edition, Project Management Institute Inc., 2017, Page(s) – 182."
53,"In a Scrum project, the term ""done"" is BEST described when a deliverable is:","Complete as mutually agreed by the team & product owner","Complete as mutually agreed by the team & product owner",Correct,"The use of ""done"" is indicative of the deliverable having been completed as mutually agreed to by the team & product stakeholders. The team keeps detail checklist which explains or list outs the done criteria."
54,"You are working as an agile practitioner and in the middle of the project the developing team lead came to you mentioned that he is interested in the operation manager position which was published internally in the company. What would be your action?","Discuss it first with the product owner to see the impact on the project","Support him to grow as he has the talent",Incorrect,"You would need to support him in growing then an agreement can be done with the team lead that he can support the project with educating one of the team members with taking his role. Other answers would demotivate him if you think he really would fit in the new role and he has the skills for it."
55,"In Agile methods, project planning may take place at 3 levels, such as visioning, release planning, and iteration planning. These 3 levels are examples of what?","Refactoring","Progressive elaboration",Incorrect,"Progressing from vision to release to iteration is an example of progressively elaborating on the plans for a project, from highlevel to low level."
56,"Your Company has hired a Lean consultant. The consultant is having discussion with the team about flow of work, team roles, processes, documentation, and lesson learned. What should be the top priority of lean consultant during this review?","Identify and eliminate waste","Identify and eliminate waste",Correct,"at the core of Lean, is the principle of eliminating waste. So the first focus of the consultant should be identifying and eliminating waste,"
57,"Senior management calls the Product Owner to understand the detailed project status. What should the Product Owner do?","Redirect management to the electronic tool that hosts release plan, Scrum board, and different project metrics.","Redirect management to the electronic tool that hosts release plan, Scrum board, and different project metrics.",Correct,"The scrum board and electronic tool are important information radiators that serve as a quick project status for all stakeholders – the team, customer, and the rest of the organization. This could be used for basic project reporting. Only in case of additional management reporting requirements, a meeting or document may be required."
58,"To compensate for the loss of productivity due to inefficient communication in a distributed team environment, management created a team of 14 members. But, the team is performing far below expectations. What should the management do next?","Co-locate all the team members","Split the team into two teams",Incorrect,"14 members is a very high number even for a co-located team. The first thing the management should try is to split the team into two teams, favouring co-location as much as possible."
59,"Two teams are working on different projects. Team A averages 20 points per iteration and team B averages 35. What can be said about the performance of the two teams?","No comparison about performance can be made based solely on these figures","No comparison about performance can be made based solely on these figures",Correct,"Since story points are used to 'estimate' and are not standardized, what comparison can you make between teams? One should not compare the performance of the two agile teams based on individual team velocity. The size of a story point is unique for each team. Thus, it is impossible to say which team is more productive based on their velocity. Agile Practice Guide, Project Management Institute Inc., 2017, Page(s) 66"
60,"In the mid of a software development project, a project stakeholder requests the scrum master for adding a new feature that will increase the project cost and schedule. What should the Scrum Master do next?","Set up a meeting between the project stakeholder and the product owner.","Set up a meeting between the project stakeholder and the product owner.",Correct,"The Product owner is responsible for guiding the direction of the product that includes features and functionality, cost, schedule. The product owner is the person who is ultimately accountable for the end product that is built. The product owner works with customers and the teams to define and maintain the product direction. Agile Practice Guide, Project Management Institute Inc., 2017, Page(s) 40,41"
61,"How should an agile practitioner respond when asked what type of planning corresponds to the technique of applying incremental delivery cycles to perform the work on an agile project?","Rolling wave planning","Adaptive planning",Incorrect,"Option C & D are terms not associated with Agile Project Management. Rolling wave planning is a form of progressive elaboration that focuses more on the near term plans and rolls into the long term as more information becomes available about the project requirements. Adaptive planning describes the technique of applying incremental delivery cycles to plan and perform the work on an agile project. Agile Practice Guide, Project Management Institute Inc., 2017, Page(s) 17-25"
62,"During project execution, one of the key project team members needs to take an unexpected leave of absence. The project is ahead of schedule and under budget. Which two actions should the project manager take initially to resolve this problem? (choose two)","Check the project's responsibility assignment matrix (RAM) to determine which activities will be affected. Check the risk register for a prepared response to resource being suddenly unavailable","Check the project's responsibility assignment matrix (RAM) to determine which activities will be affected. Check the risk register for a prepared response to resource being suddenly unavailable",Correct,"1- Check the risk register for a prepared response to a resource being suddenly unavailable. 2- Check the project's responsibility assignment matrix (RAM) to determine which activities will be affected."
63,"To increase agile knowledge, traditional project managers of a company have been paired with scrum masters to observe them lead their teams. One observation is that many project decisions are the responsibility of the project team and the scrum master is more facilitative than authoritative. In fact, the scrum masters seem more focused on ensuring that the team can focus on the work, have a shared vision, and determine how they will accomplish their work. What leadership approach have the scrum masters adopted?","Servant leadership","Servant leadership",Correct,"Servant leadership is the practice of leading through service to the team, by focusing on understanding and addressing the needs and development of the team members in order to enable the highest possible team performance. Agile Practice Guide, Project Management Institute Inc., 2017, Page(s) 17-25"
64,"Agile principles encourage the use of particularly decision models. Which of the following is FALSE about participative decision making?","In Participatory decision making everyone votes on the decision, and no decision can be implemented without a unanimous vote","In Participatory decision making everyone votes on the decision, and no decision can be implemented without a unanimous vote",Correct,"in consensus decision making everyone votes on the decision, and no decision can be implemented without a unanimous vote. In participatory decision making, team members participate in the decision process, and the decision is made by a preponderance of the vote."
65,"How is risk managed in Agile?","Risk is monitored & audited on an ongoing basis throughout each iteration & exposed during iteration planning, execution, review & retrospective","Risk is monitored & audited on an ongoing basis throughout each iteration & exposed during iteration planning, execution, review & retrospective",Correct,"Risk is assessed during iteration planning & audited at retrospective meetings, while burndown charts & stand-up meetings expose any ongoing risks to the team."
66,"During the project, the product owner knows from the sponsor that a major component, which is already 20 percent completed, is not needed anymore for the users. The component was part of the approved scope. As a product owner what should you do next?","Directly tell the team to stop developing it","Discuss for a formal approval from the sponsor to discontinue developing it",Incorrect,"This component was approved to be in the product backlog and moved to a sprint where team is already working on it. It is better to have formal approval from the sponsor to cancel or discontinue working with this component."
67,"Team is finding hard to understand one of the acceptance tests written on story cards. What is the next BEST step?","Discuss within the team","Discuss with the customer",Incorrect,"Customer is part of the development team, and the team should feel free to discuss such issues with customers."
68,"You are the Scrum master and having a conversation with one business stakeholders Joy, Joy asked, how do business people interact with development team? For instance, business people only understand the business benefit of possible feature where the development team speaks about technology, what brings both of them on the same page? You said:","The product owner is responsible to break the business requirements into engineering tasks which team can understand","The Product Backlog is understood by Business as well as by the team",Incorrect,"Product Backlog is a Common Denominator between Product Owner and Team both understand it well, the team makes engineering tasks based on the Product Backlog on their own."
69,"A set of related user stories that may be combined together and treated as a single entity for either estimating or release planning is referred to as:","Epic","Theme",Incorrect,"It's a definition of theme."
70,"You are the scrum master and you notice that over the last 6 iterations, the number escaped defects has gradually increased. Yet the numbers are not alarming, but the trend is not favourable. What should you do first?","Do an analysis of the development process","Bring the discovery to the attention of the team",Incorrect,"All 4 options are not bad, and the Scrum Master may find it useful to take steps. However, the question asks what should be done first. The first responsibility is to share this information with the team and let the team own it."
71,"An agile practitioner needs to track the work completed by the team over time. How might the agile practitioner accomplish this task?","Calculate the team's velocity","Calculate the team's velocity",Correct,"Velocity is perhaps the most common metric and is used to determine the team's capacity over time. It is often used to compare actual completed work to estimated work. Agile Practice Guide, Project Management Institute Inc., 2017, Page(s) 61,64"
72,"An agile team is demonstrating a recently developed product. Who determines when a product is complete?","The development team","The product owner",Incorrect,"The team defines the definition of done (DoD), but it is the product owner who accepts the delivered stories as being complete. The DoD is a clear and concise list of requirements that the user story must satisfy for the team to call it complete. The DoD must apply to all items in the backlog. Acceptance criteria, on the other hand, are uniquely defined for each item in the backlog and are used by the product owner to declare a story complete. Agile Practice Guide, Project Management Institute Inc., 2017, Page(s) 41"
73,"During the iteration planning meeting, you come across a story whose development does not fit into an iteration. What is the BEST thing to do next?","Split the story into smaller stories.","Split the story into smaller stories.",Correct,"One should split a story into multiple smaller stories that can be accommodated into an iteration length."
74,"Exploratory tester use all the following tools EXCEPT?","Test Cases","Test Cases",Correct,"Exploratory testers uses the following four tools to explore the software. Tool #1: Charters Before beginning an exploratory session, a tester should have some idea of what to explore in the system and what kinds of things to look for. This charter helps keep the session focused. Tool #2: Observation Tool #3: Notetaking Exploratory testers keep a notepad beside them as they explore and periodically take notes on the actions they take. Tool #4: Heuristics A heuristic is a guide: a technique that aids in your explorations."
75,"Susanne is the product manager for one of the critical go to market product for Foremost enterprise. IT team developing the product has chosen KANBAN methodology to deliver the product. Susanne is invited to daily standup meetings and she is quite pleased with the progress so far and quality of discussions during the daily standup meetings. She has observed that just after the daily standup meetings are complete some small groups of 2-3 team members go to different room and discuss some issue. She asks one such group on what they were discussing and she was told it was mostly some architectural or process related issues. Susanne wonders why they are not been discussed in daily standup meetings. She approached the Project Manager of the team. What should project manager do?","PM should tell Susanne that she should not worry about such meetings as After Meetings are common practice in KANBAN to generate improvement ideas","PM should tell Susanne that she should not worry about such meetings as After Meetings are common practice in KANBAN to generate improvement ideas",Correct,"Such meeting which happens after daily standups are After Meeting consists of huddles of small groups of 2 or 3 people. This emerged as spontaneous behaviour as folks want to discuss something on their mind and may often result in improvement ideas."
76,"It is the Sprint Planning meeting for 3rd sprint of an 8-sprint release. One user story is too large and team decides to split it into smaller stories. There are several ways team could split user stories EXCEPT:","Splitting the user stories based on the data that will be supported or based on data variations","Splitting user stories based on relative weightage of risk and business value for each of the smaller stories.",Incorrect,"Relative weightage of risk and business value is used to prioritize user stories, but is not recommended to split a user story into smaller stories."
77,"Team was working on iteration 3 and during the testing, tester identified bugs in a story completed in iteration no 1, what should be the team's response?","This bug is treated the same way as a user story. The fixing will prioritize into a subsequent iteration in the same way that any other user story would be.","This bug is treated the same way as a user story. The fixing will prioritize into a subsequent iteration in the same way that any other user story would be.",Correct,"The bug found in finished iteration stories need to be treated as a story for prioritization in subsequent iterations, they do not get scheduled into the next iteration automatically."
78,"You are project Manager and have been participating in initial discussion with product Managers, business and architect team to reach an agreement on work in progress limit for your team. After analyzing the nature of work and other parameters you have proposed a Work in progress limit of 50 however Business stakeholders want WIP in progress limit to be increased to 75 as there is need to faster time to market. As a Project manager what are the factors you should consider before deciding on WIP limits.","WIP limits are mostly influenced by Queue size and needs to be determined during the course of the project as more information is available to team","WIP limits is influenced by Queue and buffer size , both of these needs to be empirically adjusted as required as the project progresses",Incorrect,"WIP limits is influenced by Queue and buffer size , both of these needs to be empirically adjusted as required as the project progresses."
79,"If the product owner said that the last sprint failed to deliver value to the project What should the scrum master mention at the next retrospective?","Issues that arose","Issues that arose",Correct,"Issues which come and happened during that sprint needs to be discussed and present on the table during the retrospective meeting."
80,"While working on a sprint an agile team notice that an important task on the sprint backlog will take more time than it was estimated. What should the agile team do?","Continue working in the task until it is completed","Stop working on the task and plan it for next iteration",Incorrect,"Stop working on the task and plan it for next iteration) some times some tasks need more time than originally estimated and the task is important maybe it needs to be done as one box, Stop working on it and keep focusing on it for next iteration.With stopping it they may finish the sprint early and start directly once the new iteration start Note that :If it [means the sprint then answer is 3] if it means the story then as we know sprint is a time-boxed framework."
81,"You are the Product Owner and you see an updated burndown chart depicting the progress of the current iteration. The team is on day 10 of 30-day iteration. The card depicts the planned progress as a diagonal line in yellow. Actuals are updated each day, forming a green line. On day 10, the green line below the yellow line. What does this communicate to stakeholders?","New Tasks are getting added in the Sprint backlog which is hampering the progress","This iteration is going well- the team is ahead of the plan",Incorrect,"The green line indicates the amount of ideal hours within which work has been completed. On day 10, the team is further along than planned, so the team has burned down the work faster than expected. Option D could be right but we should not jump to the conclusion as iteration is not yet over and we do not know whether the planned velocity was similar as that of the previous iteration."
82,"How do you BEST describe the primary role of Agile Leader?","Manage teams without having to manage their tasks.","Manage teams without having to manage their tasks.",Correct,"Agile leaders is cast in the role of managing teams by articulating project goals , objectives , vision etc. but leaving the teams to manage their own tasks."
83,"What trend does the top of the bar indicate in a release burndown bar chart?","Work to be completed","Work completed",Incorrect,"A release burndown bar chart uses bars to indicate the amount of work in the release. The top of the bar is lowered any time work is completed. This shows the velocity of the team."
84,"Who writes the User Stories?","Developer","Customer",Incorrect,"Customer is accountable for writing user stories, in many cases they are supported by proxies like business analysts but in principle they remain accountable for writing user stories."
85,"There are 5 levels of planning that are common to agile projects. If we list them from high-level to low-level planning, which of the following represents the correct sequence?","Product vision, product roadmap, release plan, iteration plan, daily plan","Product vision, product roadmap, release plan, iteration plan, daily plan",Correct,"B has the correct planning levels named and in the proper order."
86,"The project sponsor from the customer's side doesn't like most of what she sees in the product demo just before the first release of the product. And now the whole release could be in jeopardy. What do you think could possibly be the root cause of this situation?","The Product Owner lacks the necessary experience to capture requirements in an effective manner or failed to communicate them to the team.","The project sponsor was either not invited or failed to attend previous demo sessions that were conducted at the end of individual Sprints.",Incorrect,"If the project sponsor doesn't like most of what she sees, she is looking at the product probably for the first time. Faster feedback cycle with the customer is one of the key reasons why various Agile methods recommend developing the product in iterations."
87,"Agile has a lot of methodologies,frameworks and practices. (Drag and drop the items from Left to right )","A-3,B-4,C-1,D-2,E-5","A-5, B-1, C-4, D-3, E-2",Incorrect,"A-5, B-1, C-4, D-3, E-2"
88,"Product Owner wants to include an urgent story into the current Sprint – on day 3 of a 2-week Sprint. How should the development team respond to this request?","Take the change in but only as an exception, and request the Product Owner to take a roughly same-size story out of the Sprint","Take the change in but only as an exception, and request the Product Owner to take a roughly same-size story out of the Sprint",Correct,"While the team may take in urgent changes into the current Sprint, under extreme circumstances, it should make sure the Sprint scope matches with the team capacity."
89,"In a Scrum team, who is responsible for the success or failure of the project?","Development Team","The entire Scrum team",Incorrect,"The responsibility for the success of the project is shared by the entire team."
90,"A team member has been coming late to the daily scrum for past several days. What should the Scrum Master do?","Talk to the member to figure if he needs support.","Talk to the member to figure if he needs support.",Correct,"As a first intervention, the Scrum Master should try to understand the root cause of such erring behaviour."
91,"Why do we write acceptance tests?","Tests are used to fill in the details of a user story, it captures the assumption made by the customer while writing the user stories","Tests are used to fill in the details of a user story, it captures the assumption made by the customer while writing the user stories",Correct,"Test notes captures assumptions made by the customer. Acceptance tests also provide basic criteria to determine if a story is fully implemented."
92,"The team wants to know how the product will be used, or what features will prove more popular. Of the following, what technique can help the most?","Create personas","Create personas",Correct,"Creating personas are the best choice for the scenario. The personas are like a fictional character or made up which represents your customer target segment."
93,"Which of the following statement is true about risk identification in agile teams?","Risks gets identified in Daily stand-ups, iteration planning meetings, release planning meetings, demos, reviews, and retrospective meetings","Risks gets identified in Daily stand-ups, iteration planning meetings, release planning meetings, demos, reviews, and retrospective meetings",Correct,"In agile we do organic risk management and risk can be identified in any of the planning meeting, no special meeting for just identifying risks."
94,"One of your stakeholders is interested in knowing how well agile team is doing in reducing the risks iteration by iteration, which of the following information radiator can help the most?","Risk Burn Down Chart Solution","Risk Burn Down Chart Solution",Correct,"The risk burn down chart displays how the cumulative risk exposure is reduced as the project is progressing though iterations."
95,"Who comes up with the definition of done for a feature?","The quality-control specialist","The team",Incorrect,"The team defines what done means. Typically it includes designed, coded, tested, and accepted by the Product Owner. Even though many stakeholders are included, yet it is the team that defines done. Lot of time we think it should be Product Owner or Customer, Customer / Product owner does defines the acceptance criteria for the user story but since the definition of done is more focused towards the engineering activities, it is defined by Team, and acceptance by Customer is usually part of definition of Done."
96,"A vice president of product management company taken the role of Product Owner for a business critical product. He is ideally suited to ensure product vision better, but he is struggling to spend enough time with the team. He is thinking to have a proxy for the lower level detailing of requirements. Who makes the best User Proxies?","Salespersons","Someone from the development team",Incorrect,"In Agile we don't need managers, we need leaders. When Product Owner is busy, then the first approach should be identifying the way to get realistic workload, and so that can work with their teams. It may not always be possible. A person from the development team who aware of technology world as well as the domain of the software. An analyst who puts effort into interacting with actual users is often an excellent user proxy."
97,"While transitioning from Waterfall to Agile, a team of 25 decides to create two development teams and one testing team, where the output of current development iterations is tested in the next testing iteration. This practice is likely to increase the following types of wastes EXCEPT:","Delays","Defects",Incorrect,"The number of defects are dependent on quality of development, and not when the testing actually takes place."
98,"In Scrum, how does developing product over multiple time-boxed sprints help in managing requirements:","Developing a product over several iterations is a pre-condition for empirical process control.","It helps balance the need for certainty vs. the benefits of adaptability.",Incorrect,"Developing a product over several iterations helps balance the need for certainty (within a sprint) vs. the benefits of adaptability (from one sprint to the next)."
99,"Joy met with Sally so that he could describe in detail the change the customer wanted to make into a key feature of the product. While Joy talked about the technical specifications, Sally made eye contact with Joy. When Joy felt that all the details had been covered, Sally asked if she could repeat back her understanding to make sure it was complete and clear. In this scenario, sally is applying what technique?","Active listening","Active listening",Correct,"Active listening is the best description of what has been done. She made an eye contact and reviewed to confirm understanding by starting back to the other person what she listened carefully."
100,"Agile earned value management is most appropriately applied at which level?","Wave","Iteration",Correct,"Tracking and reporting of costs and accomplished story points is most appropriately applied at each iteration or sprint in a release. The Budget is prepared at release level, so you get a budget for release and you monitor the budget at the end of iteration."
101,"A Lean team employed a technique to analyse the flow of information and materials through system to identify value adding and non value adding activities. This technique is called:","Pareto Lean paring","Value stream mapping",Incorrect,"The question describes value stream mapping, used to better understand and streamline processes."
102,"You are a project manager for SubZero Delights, a company that offers extraordinary experiences to travelers. Your latest project involves the development of a smartphone app that automatically picks up a customer's GPS coordinates to provide tailored resources and recommendations. While documenting the resource management plan, you decide to incorporate a RACI. What does RACI stand for? (Select four.)","Responsible Accountable Consult Inform","Responsible Accountable Consult Inform",Correct,"RACI is a type of responsibility assignment matrix that captures resources assigned and how they are associated with the work of the project. RACI stands for responsible, accountable, consult, inform."
103,"You are a scrum master of scrum team. The new team member has just joined the team and has a very little experience in the domain you are working in. How should you manage him?","Give him specific tasks so he can get started","Spend time in modelling expected behaviour",Incorrect,"As a scrum master you do have a role to coach people, and when people join in the team your role comes into picture to explain what is expected out of him."
104,"A Development teams' velocity is around 40 story points, and they are accepting 5, 8, 13point stories in an iteration. The team is taking high priority items needed by the business and also Product Owner regularly involved during development. But still, the team is feeling urgency pressure and as a result consistently missing out one or two user stories in the iterations. As an Agile Practitioner, what would you like to suggest?","Split large user stories in small user stories.","Split large user stories in small user stories.",Correct,"The size of user stories looks like big especially for 8, 13 when the velocity is 40 points for an iteration. When stories are large, we need to split them to reduce complexity by looking into various possible small and valuable independent pieces within them. Large stories take more time compared to small one. The question is nothing indicating that team is poor in capacity planning, and they need training. When stories are big, then product backlog needs grooming for the splitting of user stories, but we have already more specific option: Splitting big user stories in small one and becomes best."
105,"Reducing the number of items in the team's immediate focus results in?","Kanban task boards","WIP Limits and increases productivity and quality",Incorrect,"It's a core focus of Kanban. Reduced Work In Progress is very effective at increasing the productivity and quality of the team's work."
106,"Team A is delivering 800 SP, and Team B is delivering 30 SP. Team B is going through some external interruptions after adding few resources. As an Agile Practioner, how would you define team A and team B?","Adding resources in between of Sprint is not allowed, and it may impact the velocity of team B compared to team A","Can't say anything about who is doing better, although Team B could increase their velocity by avoiding interruptions",Incorrect,"Each team has its definition of velocity, which cannot be comparable from other teams. Yes, adding resources in between slow-downs the velocity but still, Team A can not be compared with team B using velocity."
107,"Budget & schedule should be considered as conditions of satisfaction for which phase of planning?","Product planning","Release planning",Incorrect,"Budget & schedule are the two measures used for determining product success & should occur at the release planning phase."
108,"What style of leadership should agile leader adapt?","Collaborative leadership","Adaptive leadership",Incorrect,"Agile welcomes changing requirements as an opportunity to refine the product or the work performed to deliver more value and competitive advantage to the customer so agile leaders must be adaptive."
109,"Your team consists of a programmer, a designer, and a tester and you are asked to provide an estimate for a user story in terms of ideal days. What is the BEST approach for providing this estimate?","This scenario is not suited for estimating in Ideal Days","Provide a single estimate for the user story",Incorrect,"In estimating a user story in terms of Ideal Days, one should associate a single estimate with each user story, and this helps in deriving cross functional behaviour."
110,"Which of the following is an example of Avoid risk response category?","Development of this feature is outsourced to other team","This feature gets dropped from the product backlog because of the risk associated with it.",Incorrect,"Avoid talks about removing or avoiding the cause of risk, so here by dropping a feature we are avoiding the risk."
111,"Which could be the best possible approach for Splitting Epic?","Disaggregation can be done along the lines to create, edit, and delete.","Disaggregation can be done along the lines to create, edit, and delete.",Correct,"Since user stories focus on giving value to the user or purchaser , splitting stories based on the technical line will not give value to the user, if we split based on functions like create / edit / delete, each story gives value to the user."
112,"A development team is fully aware of their decisions, and consequences too. The whole development team have goals to achieve but are not directed how to achieve them. They are free to manage their work and can enhance their skills contineously. How would you describe this team?","The team is empowered to develop own methods of working together","The team is empowered to develop own methods of working together",Correct,"A self-organizing team is defined as: A group of motivated individuals, who work together toward a goal, have the ability and authority to take decisions and readily adapt to changing demands One of the Agile principles is that the best architectures, requirements, and designs emerge from self-organizing teams."
113,"Your team is in a good place; your velocity is gaining momentum with each new Sprint, and then suddenly your star developer turns in his resignation. Which one of the following practice will support the team best?","The team member must be willing to share knowledge openly","The team member must be willing to share knowledge openly",Correct,"Agile team is self-organizing. The sharing of knowledge among team members is important to success, as we look for collective code ownership. The team is not reliant on a PM / Scrum Master to make assignments."
114,"The team meets for the sprint planning meeting. Regarding the product backlog, what is the correct expectation of the team?","The team expects to work with the Product Owner during the sprint planning meeting to help rank and prioritize the product backlog","The team expects prioritized product backlog to work on from the product owner",Incorrect,"It is expected that The Product Owner carries out value-based prioritization PRIOR to the sprint planning meeting. The team (not the Product Owner or Scrum Master) commits to how many features or backlog items to team can produce in the next iteration or Sprint."
115,"In creating the team space, what feature provides the most effective method of communication?","Desk positioning, creating a team space which promotes face-to-face interaction","Desk positioning, creating a team space which promotes face-to-face interaction",Correct,"Face-to-face communications is the most effective; the majority of face-to-face conversation content is nonverbal."
116,"Which role is responsible to prepare the release plan?","The Product Owner","The Product Owner",Correct,"It's a role of a product owner."
117,"You are the scrum master of an underperforming and burnt-out agile team. How can you best improve the team's performance?","Increase the number of daily stand-up meetings","Take the team to lunch",Incorrect,"Sometimes simple solutions is the most effective in Agile. If a team is burnt out, a simple Solution: may be to take them to lunch to help boost morale. Other solutions are focused on more monitoring which will not be constructive."
118,"As per XP methodology , When XP teams perform significant analysis, design, coding and testing?","Every day.","Every day.",Correct,"XP teams perform significant analysis, design, testing, and coding every day."
119,"In a sprint planning meeting, who is responsible for selecting the number of items for the sprint from the product Backlog?","Development Team.","Development Team.",Correct,"The number of items selected from the Product Backlog for the Sprint is solely up to the development team. Only the development team can assess what it can accomplish over the upcoming Sprint. Product owner is responsible for the prioritization/rank of user stories according to business value."
120,"Your company implements a requirement that teams create highly detailed documentation as part of the company-wide software development lifecycle. What is the correct response?","Use negotiation techniques to help the organization become more agile","Select a process for the team that delivers the highly detailed documentation without sacrificing delivery of customer value",Incorrect,"When your company has a requirement for all teams, you need to comply with it. That's why agile teams tailor their process based on how the wider organization functions. But they still make sure that they are focused first and foremost on delivering value to the customer."
121,"You are an agile practitioner. Several members of your team have expressed concern that the project is not progressing as well as they would like. What is the best course of action?","Post a burn-down chart in a highly visible part of the team space","Post a burn-down chart in a highly visible part of the team space",Correct,"An agile practitioner should practice visualization of important project information by maintaining information radiators that are highly visible. It's important that they show the team's real progress, and a burn-down chart is a great way to do that."
122,"Your project sponsor wants to know if the product you're building will be ready to demo at a trade show.What do you tell him?","We'll get your top-priority functionality done by then.","We'll get your top-priority functionality done by then.",Correct,"In this case, you need to know that agile teams will typically fix time and cost and allow scope to vary, as reflectedin the agile triangle.When balancing constraints, the agile approachis to get the highest-priority product functionality done by the customer's deadline."
123,"As Scrum Master, you assess that the competitive market has shifted and the product the team is building is no longer viable.What should you do?","Ask the product owner if the viability of the project has changed.","Ask the product owner if the viability of the project has changed.",Correct,"The ScrumMaster can't terminate theproject because he don't make those kinds o fdecisions. he also wouldn't direct the product owner what to do when. The only person on a Scrum team who has the information needed to assess the viability of the project is theproduct owner.So the correct answeris ""ask theproduct ownerifthe viability ofthe projecthas changed."""
124,"You are leading a team with an average velocity of 65 points per iteration.Another team of the same size in your organizationis working on aproject with similar complexity. The other team's velocityis averaging 90 points per month.Your team should:","Perform affinity estimating to check their estimates, since something is off","Ignore the difference",Incorrect,"Velocity is team-specific and unique to that team.In other words, a story point for one team probably wouldn't have the same value as a story point for another team.Therefore,it is not appropriate to compare velocities between teams. The best choice would be to ignore the difference."
125,"Influences in the projects (Drag and drop the items from Left to right)","A-1,B-2","A-1,B-2",Correct,"A-1,B-2"
126,"Your team is averaging 40 story pointsper two-week iteration.they have 200 points' worth of functionality left in the user story backlog.How many weeks can we expect it will take until development is completed?","10","10",Correct,"The average 40 points per iteration, we should get through a 200-point backlog in 5 iterations (200 / 40= 5).Each iterationis 2 weeks long, so 5 iterations is equivalent to 10 weeks (5x2=10). The key to answeringthis question correctly is noticing that the question asked for the number of weeks,not the number of iterations."
127,"As per agile estimating tools and techniques So, Affinity estimating allows a team to:","Check that stories within the same functional areas are of similar proportion.","Confirm that stories that have been estimated as the same size are of equivalent magnitude.",Incorrect,"Affinity estimation involves a process of triangulation to confirm that stories estimated to be the same size are of equivalent magnitude."
128,"You have been assigned a New Project that is large, complex and uncertain. As a Project Manager, you will be using agile project management. Which of the following will you select while creating your team?","None of the above","None of the above",Correct,"As per Agile methodology, it is best to work with small teams staffed by talented and experienced people and increase the number only when required."
129,"After the end of the fourth sprint, the agile team members reported that they were unable to complete all user stories to be delivered in the sprint since the product owner pushed too many story points for the last sprint. As a result, the team had to work overtime and eventually got burned out. The product owner wants to hold the team accountable for the sprint failure. What is the best course of action for the team in this situation?","Not accept responsibility for the failure and hold the product owner accountable for pushing too many story points into the last sprint","Accept the responsibility for the failure and hold retrospective to see how to improve the process for the next sprint",Incorrect,"Maintaining a constant pace indefinitely is one of the Agile Manifesto principles. The team should have planned work properly and accepted only the number of story points that they felt they could complete based on the velocity determined in the previous three sprints Agile Practice Guide, Project Management Institute Inc., 2017, Page(s) 50-51"
130,"A team needs to perform various activities during Sprint Planning meeting. Which of the following activities should ideally be completed before Sprint Planning starts?","Prioritize product Backlog items","Prioritize product Backlog items",Correct,"A prioritized product backlog is an essential input for the Sprint Planning meeting. Other tasks are part of the Sprint Planning meeting."
131,"How should the team handle non-functional activities that are part of Definition of Done (DoD) but the Product Owner does not care much about?","Try to convince Product Owner to add stories for non-functional activities in the product backlog","Add estimates of all activities, taking into account the time spent in non-functional activities",Incorrect,"Non-functional activities like frequent integration, code review, test automation, etc. help the team manage risk and improve the quality of the product. The effort spent on such non-functional activities must be taken into consideration while estimating functional work items (features)."
132,"During Daily Scrum meeting, a junior developer (A) shares that he is stuck on an important task. A senior developer (B) who has worked on a similar item in the past offers to help. As an Agile Practitioner, what step should you take?","Request developer A and developer B to work on this task in pair-programming mode","Request them to discuss the problem right after the Daily Scrum",Incorrect,"Daily Scrum is a good platform to raise impediments and identify who could possibly help, though the solution discussions must be kept short. 'Right after the Daily Scrum' is a good time to discuss the details of possible solution options."
133,"A developer has just learnt a better way of developing a feature the team just finished. He shared the details with the Scrum Master to show the possibility of improving the performance by a factor of two or more. How should the Scrum Master try to utilize this learning?","Ask the Product Owner to add a technical story to refactor the feature just completed and prioritize for a future iteration.","Share the details with team and discuss what to do about it.",Incorrect,"In an Agile project environment, development team is the best judge on technical decisions. Scrum Master should facilitate in creating an environment where knowledge is shared openly and decisions are takes with team consensus."
134,"Due to the organizational constraints, some of the agile team members are in different parts of the country, while other team members are co-located in the same building of the organization. Which of the following agile technique would establish better communication among the team members?","Setting up a war room with the video conferencing capability","Setting up a war room with the video conferencing capability",Correct,"Virtual co-location is an environment in which distributed teams take help of digital tools to imitate the physical colocation. The goal of virtual colocation is to get as much close as possible to get a feel of face to face communication."
135,"An agile practitioner is planning to share the project status with stakeholders. What approach should the agile practitioner take?","Use highly visible posters, displayed in a central location","Use highly visible posters, displayed in a central location",Correct,"Agile projects encourage visibility (transparency). Except when absolutely necessary, nothing should be on a 'need-to-know' basis for these projects. Also called a 'big visible chart', the Agile Alliance states that an information radiator is ""the generic term for any of a number of handwritten, drawn, printed or electronic displays which a team places in a highly visible location, so that all team members, as well as passers-by, can see the latest information at a glance: count of automated tests, velocity, incident reports, continuous integration status, and so on."" Agile Practice Guide, Project Management Institute Inc., 2017, Page(s) 152"
136,"You are a project manager of a software development project that is following agile –scrum framework. The product owner and the development team has finalized a clear sprint goal for the upcoming sprint. Who determines how the scrum team will accomplish the goal?","Product owner.","The development team.",Incorrect,"In agile projects, the development teams are self-organized and cross-functional. They are empowered to organize and manage their work. No one tells the development team how to turn product backlog into increments of potentially releasable functionality. The cross-functional team works together to accomplish the sprint goal. Agile Practice Guide - Project Management Institute Inc., 2017, Page(s) – 40-41."
137,"During the last sprint of a software development project which is being executed by following scrum framework, a key stakeholder requests a change which may improve the performance of the final product but may also affect the planned schedule. What should the product owner do?","Analyze the new requirement with the team and check options for refactoring.","Analyze the new requirement with the team and check options for refactoring.",Correct,"As per the scenario stated in the question, the stakeholder has requested a change (non – functional requirement) which may cause performance improvement. Analyzing the request with the team and identifying options for refactoring is the best choice among all options. Agile Practice Guide - Project Management Institute Inc., 2017, Page(s) – 9, 153."
138,"While the team is prioritizing features for the next iteration, they drop some feature from backlog, which features should the agile team drop it?","Low risk and low value","High risk and low value",Incorrect,"The agile team should drop the feature has High-risk and low-value. An ordering of priorities is illustrated follows: 1. High business value, high risk. 2. High business value, low risk. 3. Low business value, low risk. 4. Low business value, high risk."
139,"You are project Manager and have been participating in initial discussion with product Managers, business and architect team to reach an agreement on work in progress limit for your team. After analyzing the nature of work and other parameters you have proposed a Work in progress limit of 50 however Business stakeholders want WIP in progress limit to be increased to 75 as there is need to faster time to market. As a Project manager what are the factors you should consider before deciding on WIP limits?","WIP limits are mostly influenced by Queue size and needs to be determined during the course of the project as more information is available to team","WIP limits is influenced by Queue and buffer size , both of these needs to be empirically adjusted as required as the project progresses",Incorrect,"WIP limit is influenced by Queue and buffer size, however it is not recommended to arrive at an accurate WIP and potentially delay the rollout of the project, recommended approach is to empirically adjust through observations."
140,"During Sprint Review, customer wants some enhancements to a feature that was completed during the Sprint and was accepted by the Product Owner. How should the team deal with such changes?","Mark the current story as 'Done' and create a new story for new enhancements.","Mark the current story as 'Done' and create a new story for new enhancements.",Correct,"Since these changes are enhancements, not defects, the current story should be marked as done. The requested enhancements must go into product backlog as new stories, to be prioritized, estimated and scheduled in due course of time."
141,"The Scrum Master has been a technical architect in his previous role. During a Sprint Planning session, he notices team is opting for a solution approach that he feels has a high risk of failure. What should the Scrum Master do?","Share his apprehensions with the team and let them take the final decision.","Share his apprehensions with the team and let them take the final decision.",Correct,"Transparency and collective decision making are key characteristics of Agile methods."
142,"You are working as a product owner and part of the project that is assigned to you now is to get a piece of the project from a vendor. One of the vendors invites you for a special dinner to discuss this area of the project. What should be your reply to this invitation?","Politely reject the invitation and request the vendor to send an official proposal","Politely reject the invitation and request the vendor to send an official proposal",Correct,"As per code of ethics, you should Politely reject the invitation and request the vendor to send an official proposal. As he is one of many vendors then all should be treated equally and wait for all proposals to study them."
143,"When is a user story (or feature) usually estimated by a Scrum team?","A user story is estimated right after its elaboration, close to execution in a Sprint.","A user story is estimated right after its elaboration, close to execution in a Sprint.",Correct,"Scrum uses the idea of progressive elaboration where a user story is elaborated and estimated just in time – close to execution."
144,"A development team continuously showing predictable velocity trends when estimating user stories of size 1, 2, or 3 points but does not have a good track record with stories sized at 5 points and above. What could be the reason behind this special bad track record?","User Stories are not self-contained and creating misunderstanding","The team is working on epics not user stories",Incorrect,"Epics are made up of multiple stories. If the estimation is above a certain threshold these needs to be further break down before it's added to a sprint. Bigger the work, more uncertainties are there as requirements becomes abstract."
145,"Oreste is managing a project release using the Scrum model and has decided to colocate the team for the duration of the project. What benefits will Oreste realize by using this approach? (Select three.)","Increase the effectiveness of team dynamics. Create a continuous learning environment at a reduced cost. Increase knowledge sharing","Increase the effectiveness of team dynamics. Create a continuous learning environment at a reduced cost. Increase knowledge sharing",Correct,"According to the Agile Practice Guide, colocation improves communication,increases knowledge sharing, enables team member commitment to each other and the project, and creates a low-cost continuous learning environment."
146,"A development team is closely working with the customer to design wireframes for each story. The every feature is going in development after the agreement of the client using these wireframes. Initial iterations went well, but in fifth iteration client simply rejected the work by saying this is not what I wanted to. What could be the reason behind the situation?","Wireframes just provides the starting point for developers to create the system","Wireframes may not necessarily always convey the working needs",Incorrect,"Yes, wireframes help to visualize how the next iteration features will look like but it is not everything as it is not working prototype. The development team is required to collaborate not only for UI but also for the intended needs behind user stories. You cannot understand all the needs just by documentation/wireframes; you need to know the actual requirements behind the iteration goal. Now it is also possible that customer has identified wrong customer needs, but the question is not indicating anything about it. Without explicit mention, we cannot assume it. Also, wireframes are just the starting point. However, the best reason is that team could not understand the working needs. If the system is simple, then wireframes can be only one form of documentation. In Agile we focus more on working software rather on documentation."
147,"What is the BEST way to estimate the cost of a project?","Create breakdown of product backlog items into tasks and get time and cost estimate from team members","Estimate project in story points and determine average velocity.",Incorrect,"Project size and average velocity give a good idea of the overall cost of a project , option C looks attractive but in agile we do not recommend to do this much advance and detail planning and we expect changes in project scope."
148,"The team is struggling to reach a consensus on the estimate for a story that involves a new technology the team is not much familiar with. What should the team do?","Since the team has low expertise in the required technology, it should use a pessimistic approach and pick the highest individual estimate.","Team should defer estimating the story and should first run a research spike to explore how this feature could be developed.",Incorrect,"The high variation in individual estimate due to uncertainty in required technical approach indicates a risk. Running a short time-boxed research spike to gain more knowledge about possible approach is a good way to handle such risks."
149,"Team who has recently started implementing KANBAN needs some advice from Agile coach on how to conduct daily standup meetings. If you are an Agile coach what would you recommend?","Daily standup meetings in KANBAN should always be like that of Scrum where every participants get chance to speak on 3 questions, what did you achieve yesterday, what did you do today and what is stopping your work","Daily standup meetings in Kanban should focus on flow of work and there should not be limit on how many should participate",Incorrect,"In Kanban going around asking 3 questions to all like in Sprint is not needed as Board explains the status as well impediments, The focus in standup is flow of work, and there is no limit on participants as kanban is usually for a larger team."
150,"It is the Sprint Planning meeting for 3rd sprint of an 8-sprint release. One user story is too large and team decides to split it into smaller stories. There are several ways team could split user stories EXCEPT:","Splitting the user stories based on the data that will be supported or based on data variations","Splitting user stories based on relative weightage of risk and business value for each of the smaller stories.",Incorrect,"Relative weightage of risk and business value is used to prioritize user stories, but is not recommended to split a user story into smaller stories."
151,"A team member has been coming late to the Daily scrum despite repeated reminders from Scrum Master. How could the Scrum Master attempt to correct this behaviour?","Enforce the late arrival penalty (monetary contribution to team fund) that the team agreed upon.","Enforce the late arrival penalty (monetary contribution to team fund) that the team agreed upon.",Correct,"If the team has already agreed upon a penalty for late arrival, it must be enforced without delay. It could be an item for retrospective only if the penalty fails to correct this behaviour."
152,"A team usually follows a 3-month release cycle with several 2-week sprints, but the customer is too busy to attend Sprint-end product reviews. He insists on release-end demo only. Do you anticipate a problem here?","Lack of timely customer feedback may result in big changes later on","Lack of timely customer feedback may result in big changes later on",Correct,"Timely customer feedback is essential to confirm if the team efforts are headed in the right direction. Delays in feedback are bound to cause rework at a later stage, often with bigger batch sizes."
153,"As an Agile Practitioner how could you ensure stakeholder vision and objectives are shared by the team?","Arrange for a meeting where stakeholders share their vision and objectives with the development team.","Ensure that stakeholders interact with developers on a regular basis.",Incorrect,"Regular interaction between customer and development team – for requirement elicitation, customer tests and product demos – is of utmost importance to ensure team understands and shares stakeholder vision and objectives."
154,"While most developers design and code their stories, you have an experienced architect in the team who is primarily responsible for code review of other team members to ensure consistency and quality in design. But the practice of doing code review (and possible rework) after development is complete on a story is creating friction among team members, often resulting in low morale. As an Agile Practitioner, how you may address this issue:","Discuss with team the possibility of adopting new technical practices to ensure early design and code review, thereby reducing waste on rework.","Discuss with team the possibility of adopting new technical practices to ensure early design and code review, thereby reducing waste on rework.",Correct,"Agile methods lay great emphasis on continuous improvement, and if something is not working, team must try to find better way of doing things. And, by default, most such decisions must be taken with team consensus."
155,"The customer tells you in the middle of the release that one feature that is already in progress is no longer required. This feature is an epic and significant effort has already gone into the development. What should the team do next?","Stop development on this feature right away and read just the release milestones.","Stop development on this feature right away and read just the release milestones.",Correct,"Responding to change is one of the key characteristics of Agile project management. If the customer does not want something anymore, it must not be built. The team should now work with customer to understand the changed business priorities and read just release milestones."
156,"An established team of 8 members is known for higher performance and low defect rates. They usually pick 20-25 stories for execution during their 30-day sprint. As an Agile Practitioner, what do you think the team could try to step up their agility?","Reduce sprint duration to limit increment size and increase review frequency.","Reduce sprint duration to limit increment size and increase review frequency.",Correct,"Since there is significant number of stories in each Sprint, the team could try 2- or 3-week sprints with less number of stories. It will improve review frequency with the customer, in turn reducing the amount of rework."
157,"The velocity of a team went down because Product Owner did not provide requirement clarification to the team. What should the Scrum Master do?","Take the responsibility of getting requirement clarifications from the Product Owner next sprint onwards","Tell the team it is their responsibility to obtain requirement clarification from the Product Owner",Incorrect,"Scrum Master's role is to facilitate a team be self-organized in their work. In that direction, he should encourage team to get requirement details from PO on its own."
158,"When should you freeze acceptance criteria for a user story?","Never – the acceptance criteria for a user story must stay open for discussion and negotiation even during Sprint.","Never – the acceptance criteria for a user story must stay open for discussion and negotiation even during Sprint.",Correct,"Refer Agile principle – ""Welcome changing requirements, even late in development. Agile processes harness change for the customer's competitive advantage."" In adaptive life cycle requirements are emerged instead of baselined."
159,"Does estimation differ for product backlog (PB) items and the sprint backlog (SB) items?","PB items are estimated in days and SB items are estimated in ideal hours","PB items are estimated in story points and SB items are estimated in ideal hours",Incorrect,"Story points are a unit of measure for expressing the overall size of a user story, feature, or other piece of work. When we estimate with story points, we assign a point value to each item. When we estimate the number of ideal days that a user story will take to develop, test, and accept."
160,"What would be your most important recommendation to the management who are procuring new office space and there is a plan to transition from traditional project management to agile?","Co-locate employees working on the same project","Co-locate employees working on the same project",Correct,"For agile projects, co-location of team members is the most important consideration, wherever possible."
161,"Which of the following statements is true? (Select two.)","A team that uses an Agile approach is more likely to produce greater business value.","The goal of project management is to produce business value in the best way possible. An organization should choose the delivery method that best produces business value.",Incorrect,"According to the Agile Practice Guide, the goal of project management is to produce business value. The method that a team uses to deliver value should be based on which would yield the most successful outcome. This is often driven by the nature of the project and the circumstances surrounding the project."
162,"An agile project is running its fifth iteration out of ten. After the last iteration review, the team members receive feedback from the security department about regulation with which the project must comply. Which two actions should the project manager take? (choose two)","Ask the team members to analyze the impact of including this regulation","Ask the product owner to include the requirement in the product backlog. Ask the security department for details about regulations",Incorrect,"As mentioned in the question ( The project MUST comply with these regulations.) 1- Ask the product owner to include the requirements in the product backlog. 2- . Ask the security department for details about regulations."
163,"How will the selection of a predictive project life cycle shape the way the project is carried out? (Choose three)","A single final product will be delivered at the end of the project. The requirements will be determined upfront before the project execution begins. Changes will be constrained to the extent possible","A single final product will be delivered at the end of the project. The requirements will be determined upfront before the project execution begins. Changes will be constrained to the extent possible",Correct,"With a traditional waterfall project, the project requirements and scope are typically determined during initial project planning. Once the project management plan is approved, changes are constrained through a robust change management process. The product or result of the project is then typically delivered in its final form at the end of the project. The incorrect answer choices are indicative of agile project management methodologies."
164,"A recent internal survey indicated that most employees are apprehensive about transition from waterfall to Scrum, suggesting the organization may not be ready for Agile adoption just yet. As an Agile Practitioner responsible for managing one team, what is your best option?","Start introducing some of the Agile practices within your team while still using traditional project management at the higher level.","Start introducing some of the Agile practices within your team while still using traditional project management at the higher level.",Correct,"Scrum is a big bang approach and may sometimes receive resistance from team members. A team can still adopt agility and benefit from it by taking a piecemeal approach."
165,"Which of the following is addressed within the resource management plan? (Select three.)","Recognition and rewards. Compliance. Safety","Recognition and rewards. Compliance. Safety",Correct,"The resource management plan describes when and how resource requirements will be met. It addresses things such as staff acquisition, timetable of when the team will be acquired, release criteria, training needs, recognition and rewards, compliance, and safety. It doesn't, however, define the roles and responsibilities, which is a separate output of the human resource management planning process."
166,"Which of the following reflect principles listed in the Agile Manifesto? (Select three.)","The best architectures, requirements, and designs emerge from teams that are directed by strong leaders.","Working software is the primary measure of progress. Our highest priority is to satisfy the customer through early and continuous delivery of valuable software. Simplicity—the art of maximizing the amount of work not done—is essential.",Incorrect,"Working software is the primary measure of progress. Our highest priority is to satisfy the customer through early and continuous delivery of valuable software. Simplicity—the art of maximizing the amount of work not done—is essential."
167,"When does a Scrum team create and elaborate user stories in detail?","User stories may be created early but must be elaborated close to execution in a Sprint.","User stories may be created early but must be elaborated close to execution in a Sprint.",Correct,"Just like other Agile methods, Scrum uses the idea of progressive elaboration where requirement details are listed out just in time – close to execution."
168,"Sue is the leader of an enterprise PMO. Recently, she rolled out a quarterly project auditing process. Each quarter, 10 percent of the project portfolio would be randomly audited. What is the leading motivator and benefit of project audits? (Select two.)","Identifying key legal and/or contractual requirements","Determining potential threats to compliance. Monitoring compliance against published standards and policies",Incorrect,"PMOs may facilitate project audits as a means of monitoring compliance against published standards, policies, and procedures published by the PMO and/or the company. A key benefit of project audits is that they serve as a tool for identifying potential threats to compliance, such as legal or contractual requirements."
169,"Which of the following best describe characteristics of a product backlog? (Select three.)","It is prioritized by a business representative. Work is pulled from the top of the backlog. It contains a list of prioritized work.","It is prioritized by a business representative. Work is pulled from the top of the backlog. It contains a list of prioritized work.",Correct,"A backlog contains a prioritized list of all work encapsulated in a project. It is used to track, review, and regulate work. The team generally pulls work from the top of the backlog, and the backlog is continuously refined over the course of the project. The product owner is responsible for maintaining the backlog and is a representative of the business."
170,"A scrum team has completed its first iteration for an important project. A burndown chart indicates that the project is behind schedule. Which two actions should the project manager take to manage impediments and improve the team's velocity?","Look for processes that cause bottlenecks and slow down the team's agility. Work with the team to remove impediments as quickly as possible.","Look for processes that cause bottlenecks and slow down the team's agility. Work with the team to remove impediments as quickly as possible.",Correct,"1- Work with the team to remove impediments as quickly as possible. 2- Look for processes that cause bottlenecks and slow down the team's agility."
171,"You are a project manager working as a consultant for a company that is in startup mode. One of your responsibilities for this week is to create an organizational chart. What format can you use to display an organizational chart? (Select three.)","Hierarchical type. Matrix-based. Text-oriented","Hierarchical type. Matrix-based. Text-oriented",Correct,"A run chart is a type of quality tool and therefore not a format you would use to display an organizational chart."
172,"It is day 7 of a 10-day (2-week) sprint and as developers are finishing development tasks, the testing tasks are piling up. There is a risk all stories may not get done within Sprint timelines. As a Scrum Master of a high-performing crossfunctional team, how you may best address this issue:","Urge developers to pick up testing tasks to share the testing load, wherever possible.","Urge developers to pick up testing tasks to share the testing load, wherever possible.",Correct,"Finishing the story in a Scrum team is everyone's responsibility, even if it means developers pick up testing tasks or the other way around. There are no clearly defined roles within Development Team precisely for the same reason. Every member must be committed to meet team's Sprint goal whatever it takes."
173,"The benefits of maintaining and making visible a prioritized list of threats and issues facing the team include the following EXCEPT:","Elevate accountability","Find root cause of the problem",Incorrect,"The primary purpose creating an impediments list and making it visible is to expedite effective resolution, not to find the root cause of the problem."
174,"Which of the following approaches to agility lays great emphasis on eliminating waste:","Lean","Lean",Correct,"'Eliminate Waste' is one of the seven key principles of Lean."
175,"Why does an Agile team need to elicit and prioritize important non-functional requirements (such as security and performance) early on?","To minimize the probability of failure","To minimize the probability of failure",Correct,"If not dealt in a timely manner, issues like security and performance may require big design changes later, often failing the project. Please note that we are only talking about understanding and prioritizing non-functional requirements here – this does not mean that we need to work on all non-functional requirements at the beginning of the project."
176,"Which of the following practice will best support the transfer of knowledge to benefit future project? (Choose three) multiple-choice","Ensure that the lessons learned register is listed as a configuration element in the configuration management plan","Conduct regular retrospective meeting with the project team and relevant stakeholders. Document knowledge gained in the lessons learned register throughout the project. Ensure that the lessons learned register is finalized and transferred to the lessons learned repository",Incorrect,"Answering this question correctly requires an understanding of how knowledge gained throughout the project should be tracked and recorded. The lessons learned register should be revised throughout the course of the project, anytime information that might be helpful later in the current project or applicable to future projects is gained. Additionally, periodic lesson learned meetings (retrospectives) might be held specifically to aid in the recognition and documenting of knowledge gained. During project closure, the lessons learned register is finalized and transferred to an organizational process set (OPA) referred to as the lessons learned repository. The lessons learned repository can then serve as an input for future projects to improve performance."
177,"A junior developer took 12 hours to complete a relatively complex task that was estimated by the team as a 4-hour task. How should an agile team handle such a case?","Assign a mentor for this developer for next few sprints.","Let team members estimate their own tasks.",Incorrect,"Task assignment and estimation should be pull-based – members must self-volunteer for tasks and give their own estimates. In this case the issue is taking more time than estimate; it is not about lacking the ability to complete the task."
178,"Average velocity of a team over past several sprints has been 30 story points. In the current Sprint, two stories got stuck due to external dependencies and ended up bringing down team velocity to 20 story points. How many story points should the team pick for execution in the upcoming sprint?","Go with whatever number the team feels comfortable with","Go with whatever number the team feels comfortable with",Correct,"The historical velocity is only a 'guideline' for future sprint planning. In the end, the development team decides exactly how many points should be picked up for the next Sprint, based on their confidence level."
179,"In an effort to facilitate close communication with external stakeholders, management has decided to co-locate a subject matter expert from customer side with the team. The team however is resistant to the idea - they fear it will create unnecessary work pressure and may expose the team's internal issues and weaknesses to the customer. As an Agile Practitioner, what would you consider your best first move?","Side with the team and vote against the idea.","Call a team meeting where you explain the value of customer collaboration for building good quality products and discuss the validity of their fears.",Incorrect,"While Agile teams see a clear value in customer co-location, if a team is resistant to the idea, the first step should be to discuss the validity of their apprehensions."
180,"Why do Agile methods recommend frequent reviews of work products via code reviews, testing and product reviews?","It helps incorporate improvements into the overall process and product.","It helps incorporate improvements into the overall process and product.",Correct,"Frequent reviews help create a culture of inspect and adapt – two of the three the key elements of empirical process control."